Economy,Indicator,2017,2018,2019,2020,2021,2022,2023
Afghanistan,At least 2G,0.90,0.90,0.90,0.90,0.91,0.92,
Afghanistan,At least 3G,0.46,0.55,0.57,0.57,0.58,,
Afghanistan,At least LTE/WiMAX,0.04,0.07,0.22,0.26,0.26,,
Afghanistan,At least 5G,,,,,0.00,,
Albania,At least 2G,1.00,1.00,1.00,1.00,1.00,1.00,
Albania,At least 3G,0.99,0.99,0.99,0.99,0.99,0.99,
Albania,At least LTE/WiMAX,0.85,0.86,0.95,0.98,0.99,0.99,
Albania,At least 5G,,,,,0.00,0.00,
Algeria,At least 2G,0.98,0.98,0.99,0.99,0.98,,
Algeria,At least 3G,0.90,0.98,0.98,0.99,0.98,0.98,
Algeria,At least LTE/WiMAX,0.31,0.53,0.54,0.76,0.80,0.86,
Algeria,At least 5G,,0.00,0.00,0.00,0.00,0.00,
American Samoa,At least 2G,,,,,,,
American Samoa,At least 3G,,,0.93,0.93,0.93,,
American Samoa,At least LTE/WiMAX,,,,,,,
American Samoa,At least 5G,,,,,0.00,,
Andorra,At least 2G,1.00,1.00,1.00,1.00,1.00,1.00,
Andorra,At least 3G,0.98,0.98,0.98,1.00,1.00,1.00,
Andorra,At least LTE/WiMAX,0.85,0.85,0.85,0.89,0.93,0.97,
Andorra,At least 5G,,,,,0.85,0.92,
Angola,At least 2G,0.90,0.90,0.90,0.90,1.00,1.00,
Angola,At least 3G,0.85,0.85,0.85,0.87,0.87,0.87,
Angola,At least LTE/WiMAX,0.08,0.08,0.18,0.30,0.33,0.58,
Angola,At least 5G,,,,,,,
Anguilla,At least 2G,,,0.99,0.99,0.99,,
Anguilla,At least 3G,,,0.99,0.99,0.99,,
Anguilla,At least LTE/WiMAX,,,,,,,
Anguilla,At least 5G,,,,,0.00,,
Antigua and Barbuda,At least 2G,0.99,,0.99,0.99,0.99,,
Antigua and Barbuda,At least 3G,0.99,,0.99,0.99,0.99,,
Antigua and Barbuda,At least LTE/WiMAX,0.99,,0.99,0.99,0.99,,
Antigua and Barbuda,At least 5G,–,,,,0.00,,
Argentina,At least 2G,0.98,0.98,0.98,0.99,0.99,0.99,
Argentina,At least 3G,0.95,0.95,0.95,0.99,0.99,0.99,
Argentina,At least LTE/WiMAX,0.85,0.91,0.91,0.98,0.98,0.98,
Argentina,At least 5G,,,,,,,
Armenia,At least 2G,1.00,1.00,1.00,1.00,1.00,1.00,
Armenia,At least 3G,1.00,1.00,1.00,1.00,1.00,1.00,
Armenia,At least LTE/WiMAX,0.90,0.99,0.99,1.00,1.00,1.00,
Armenia,At least 5G,,,,,0.00,0.00,
Aruba,At least 2G,,,0.99,0.99,0.99,,
Aruba,At least 3G,,,0.95,0.95,0.95,,
Aruba,At least LTE/WiMAX,,,0.64,0.64,0.64,,
Aruba,At least 5G,,,,,0.00,,
Ascension,At least 2G,1.00,,,,,,
Ascension,At least 3G,1.00,1.00,1.00,1.00,1.00,,
Ascension,At least LTE/WiMAX,,,,,1.00,,
Ascension,At least 5G,,,,,,,
Australia,At least 2G,0.99,0.99,1.00,1.00,1.00,1.00,
Australia,At least 3G,0.99,0.99,1.00,1.00,1.00,1.00,
Australia,At least LTE/WiMAX,0.99,0.99,0.99,1.00,1.00,1.00,
Australia,At least 5G,,,,0.50,0.78,0.84,
Austria,At least 2G,0.99,0.99,0.99,0.99,0.99,0.99,
Austria,At least 3G,0.98,0.98,0.98,0.98,0.98,0.98,
Austria,At least LTE/WiMAX,0.98,0.98,0.98,0.98,0.98,0.98,
Austria,At least 5G,,,,0.55,0.82,0.92,
Azerbaijan,At least 2G,1.00,1.00,1.00,1.00,1.00,1.00,
Azerbaijan,At least 3G,0.96,0.97,0.98,0.98,1.00,1.00,
Azerbaijan,At least LTE/WiMAX,0.42,0.49,0.93,0.93,0.94,0.94,
Azerbaijan,At least 5G,,,,0.00,0.00,0.00,
Bahamas,At least 2G,0.99,0.99,0.99,0.99,0.99,0.99,
Bahamas,At least 3G,0.98,0.98,0.98,0.98,0.98,0.98,
Bahamas,At least LTE/WiMAX,0.95,0.95,0.95,0.95,0.95,0.95,
Bahamas,At least 5G,,,,,0.00,,
Bahrain,At least 2G,1.00,1.00,1.00,1.00,1.00,1.00,
Bahrain,At least 3G,1.00,1.00,1.00,1.00,1.00,1.00,
Bahrain,At least LTE/WiMAX,1.00,1.00,1.00,1.00,1.00,1.00,
Bahrain,At least 5G,,,,1.00,1.00,1.00,
Bangladesh,At least 2G,1.00,1.00,1.00,1.00,1.00,1.00,
Bangladesh,At least 3G,0.93,0.95,0.95,0.98,0.98,0.99,
Bangladesh,At least LTE/WiMAX,0.67,0.79,0.82,0.98,0.98,0.99,
Bangladesh,At least 5G,,,,,0.00,,
Barbados,At least 2G,1.00,1.00,1.00,1.00,1.00,1.00,
Barbados,At least 3G,1.00,1.00,1.00,1.00,1.00,1.00,
Barbados,At least LTE/WiMAX,1.00,1.00,1.00,1.00,0.99,0.99,
Barbados,At least 5G,,,,,0.00,,
Belarus,At least 2G,1.00,1.00,1.00,1.00,1.00,1.00,
Belarus,At least 3G,1.00,1.00,1.00,1.00,1.00,1.00,
Belarus,At least LTE/WiMAX,0.69,0.76,0.76,0.90,0.97,0.98,
Belarus,At least 5G,,,,,0.00,0.00,
Belgium,At least 2G,1.00,1.00,1.00,1.00,1.00,1.00,
Belgium,At least 3G,1.00,1.00,1.00,1.00,1.00,1.00,
Belgium,At least LTE/WiMAX,1.00,1.00,1.00,1.00,1.00,1.00,
Belgium,At least 5G,,,,,0.04,0.30,
Belize,At least 2G,0.90,0.93,0.98,0.98,0.98,,
Belize,At least 3G,0.90,0.93,0.98,0.98,0.98,,
Belize,At least LTE/WiMAX,0.65,0.68,0.70,0.70,0.70,,
Belize,At least 5G,,,,,0.00,,
Benin,At least 2G,0.98,0.98,0.98,0.98,0.98,0.98,
Benin,At least 3G,0.65,0.80,0.80,0.80,0.80,0.80,
Benin,At least LTE/WiMAX,0.40,0.40,0.45,0.46,0.46,0.46,
Benin,At least 5G,,,,,0.00,0.00,
Bermuda,At least 2G,1.00,,1.00,1.00,1.00,,
Bermuda,At least 3G,1.00,1.00,1.00,1.00,1.00,,
Bermuda,At least LTE/WiMAX,1.00,,1.00,1.00,1.00,,
Bermuda,At least 5G,,,,,0.00,,
Bhutan,At least 2G,0.98,0.98,0.98,0.98,0.98,0.98,
Bhutan,At least 3G,0.88,0.90,0.95,0.95,0.95,0.97,
Bhutan,At least LTE/WiMAX,0.55,0.60,0.78,0.80,0.80,0.97,
Bhutan,At least 5G,,,,,,0.37,
Bolivia,At least 2G,0.98,1.00,1.00,1.00,1.00,,
Bolivia,At least 3G,0.82,0.83,0.92,0.92,0.88,,
Bolivia,At least LTE/WiMAX,0.75,–,0.75,0.75,0.75,,
Bolivia,At least 5G,,,,,0.00,,
Bosnia and Herzegovina,At least 2G,1.00,1.00,1.00,1.00,1.00,1.00,
Bosnia and Herzegovina,At least 3G,0.95,0.95,0.95,0.95,0.97,0.99,
Bosnia and Herzegovina,At least LTE/WiMAX,0.00,0.00,0.82,0.82,0.93,0.99,
Bosnia and Herzegovina,At least 5G,,,,,0.00,,
Botswana,At least 2G,0.97,0.97,0.97,0.98,0.98,0.98,
Botswana,At least 3G,0.80,0.95,0.96,0.97,0.98,0.98,
Botswana,At least LTE/WiMAX,0.64,0.65,0.68,0.77,0.88,0.91,
Botswana,At least 5G,,,,,,0.23,
Brazil,At least 2G,0.96,0.96,0.91,0.90,0.90,0.93,
Brazil,At least 3G,0.96,0.96,0.91,0.90,0.90,0.92,
Brazil,At least LTE/WiMAX,0.83,0.83,0.89,0.88,0.88,0.92,
Brazil,At least 5G,,,,,0.32,0.34,
British Virgin Islands,At least 2G,,1.00,1.00,1.00,1.00,,
British Virgin Islands,At least 3G,0.84,1.00,1.00,1.00,1.00,,
British Virgin Islands,At least LTE/WiMAX,0.83,0.99,1.00,1.00,1.00,,
British Virgin Islands,At least 5G,,,,,0.00,,
Brunei Darussalam,At least 2G,0.99,0.99,0.99,0.99,0.99,0.99,
Brunei Darussalam,At least 3G,0.93,0.96,0.96,0.96,0.97,0.99,
Brunei Darussalam,At least LTE/WiMAX,0.90,0.95,0.95,0.95,0.97,0.99,
Brunei Darussalam,At least 5G,,,,,,,
Bulgaria,At least 2G,1.00,1.00,1.00,1.00,1.00,1.00,
Bulgaria,At least 3G,1.00,1.00,1.00,1.00,1.00,1.00,
Bulgaria,At least LTE/WiMAX,0.99,1.00,1.00,1.00,1.00,1.00,
Bulgaria,At least 5G,,,,,0.58,0.86,
Burkina Faso,At least 2G,0.93,0.92,0.92,0.92,0.93,,
Burkina Faso,At least 3G,0.28,0.33,0.48,0.48,0.53,,
Burkina Faso,At least LTE/WiMAX,0.00,0.00,0.27,0.27,0.37,,
Burkina Faso,At least 5G,,,,,0.00,,
Burundi,At least 2G,0.50,0.95,0.97,0.97,0.97,0.97,
Burundi,At least 3G,0.39,0.45,0.48,0.51,0.51,0.51,
Burundi,At least LTE/WiMAX,0.11,0.21,0.25,0.27,0.32,0.32,
Burundi,At least 5G,,,,0.00,0.00,0.00,
Cabo Verde,At least 2G,0.99,0.99,0.99,0.99,0.99,0.99,
Cabo Verde,At least 3G,0.91,0.91,0.94,0.94,0.94,0.94,
Cabo Verde,At least LTE/WiMAX,0.00,,0.79,0.79,0.80,0.80,
Cabo Verde,At least 5G,,,,,0.00,,
Cambodia,At least 2G,0.99,0.99,0.99,0.99,1.00,1.00,
Cambodia,At least 3G,0.84,0.85,0.85,0.92,0.92,0.92,
Cambodia,At least LTE/WiMAX,0.58,0.80,0.80,0.92,0.92,0.92,
Cambodia,At least 5G,,,,,0.00,,
Cameroon,At least 2G,0.85,0.72,0.79,0.77,0.80,0.80,
Cameroon,At least 3G,,,0.50,0.60,0.65,,
Cameroon,At least LTE/WiMAX,,,0.50,0.60,0.65,,
Cameroon,At least 5G,,,,,0.00,,
Canada,At least 2G,0.99,1.00,1.00,1.00,1.00,1.00,
Canada,At least 3G,0.99,1.00,1.00,1.00,1.00,1.00,
Canada,At least LTE/WiMAX,0.99,0.99,1.00,1.00,0.99,1.00,
Canada,At least 5G,,,,,0.88,0.91,
Cayman Islands,At least 2G,1.00,–,1.00,1.00,1.00,,
Cayman Islands,At least 3G,1.00,–,1.00,1.00,1.00,,
Cayman Islands,At least LTE/WiMAX,1.00,–,1.00,1.00,1.00,,
Cayman Islands,At least 5G,,,,,0.00,,
Central African Rep.,At least 2G,0.59,0.57,0.56,0.56,0.56,,
Central African Rep.,At least 3G,0.31,0.38,0.41,0.41,0.48,,
Central African Rep.,At least LTE/WiMAX,,,0.00,0.00,0.00,,
Central African Rep.,At least 5G,,,,,0.00,,
Chad,At least 2G,0.86,0.86,0.86,0.86,0.86,0.87,
Chad,At least 3G,0.32,0.42,0.43,0.48,0.59,0.68,
Chad,At least LTE/WiMAX,0.09,0.12,0.19,0.22,0.22,0.36,
Chad,At least 5G,,0.00,0.00,0.00,0.00,0.00,
Chile,At least 2G,0.96,0.99,0.99,0.99,0.99,0.99,
Chile,At least 3G,0.95,0.95,0.95,0.95,0.95,0.95,
Chile,At least LTE/WiMAX,0.88,,0.88,0.88,0.88,0.89,
Chile,At least 5G,,,,,,0.79,
China,At least 2G,1.00,1.00,1.00,1.00,1.00,1.00,
China,At least 3G,0.98,0.99,1.00,1.00,1.00,1.00,
China,At least LTE/WiMAX,0.98,0.99,1.00,1.00,1.00,1.00,
China,At least 5G,,,,,0.25,0.80,
Cocos Keeling Islands,At least 2G,,,,,,,
Cocos Keeling Islands,At least 3G,,,,,,,
Cocos Keeling Islands,At least LTE/WiMAX,,,,,,,
Cocos Keeling Islands,At least 5G,,,,,0.00,,
Colombia,At least 2G,1.00,1.00,1.00,1.00,1.00,1.00,
Colombia,At least 3G,1.00,1.00,1.00,1.00,1.00,1.00,
Colombia,At least LTE/WiMAX,0.96,0.98,0.98,0.98,1.00,1.00,
Colombia,At least 5G,,,,,,0.00,
Comoros,At least 2G,0.91,0.91,0.86,0.92,0.92,0.92,
Comoros,At least 3G,0.90,0.90,0.80,0.84,0.87,0.87,
Comoros,At least LTE/WiMAX,0.83,0.83,0.80,0.81,0.85,0.85,
Comoros,At least 5G,,,,,0.00,,
Congo,At least 2G,0.75,,0.75,0.75,0.88,,
Congo,At least 3G,,,0.65,0.65,0.87,,
Congo,At least LTE/WiMAX,0.05,,,,0.85,,
Congo,At least 5G,,,,,0.00,,
Cook Islands,At least 2G,1.00,,1.00,1.00,1.00,,
Cook Islands,At least 3G,0.55,,0.55,0.55,0.55,,
Cook Islands,At least LTE/WiMAX,0.55,,0.55,0.55,0.55,,
Cook Islands,At least 5G,,,,,0.00,,
Costa Rica,At least 2G,0.97,0.97,0.98,0.98,1.00,1.00,
Costa Rica,At least 3G,0.97,0.97,0.98,0.94,1.00,1.00,
Costa Rica,At least LTE/WiMAX,0.82,0.87,0.94,0.93,1.00,1.00,
Costa Rica,At least 5G,,0.00,0.00,0.00,0.00,0.00,
Croatia,At least 2G,1.00,1.00,1.00,1.00,1.00,1.00,
Croatia,At least 3G,0.99,0.99,1.00,1.00,1.00,1.00,
Croatia,At least LTE/WiMAX,0.98,0.99,0.99,1.00,1.00,1.00,
Croatia,At least 5G,,,,,0.48,,
Cuba,At least 2G,0.85,0.85,0.86,0.86,0.87,0.88,
Cuba,At least 3G,0.47,0.67,0.68,0.71,0.73,0.74,
Cuba,At least LTE/WiMAX,0.00,0.00,0.22,0.40,0.49,0.50,
Cuba,At least 5G,,,,,0.00,0.00,
Curacao,At least 2G,1.00,1.00,1.00,1.00,1.00,0.99,
Curacao,At least 3G,1.00,1.00,1.00,1.00,1.00,0.99,
Curacao,At least LTE/WiMAX,0.70,0.80,0.90,0.90,1.00,0.99,
Curacao,At least 5G,,,,,0.00,0.00,
Cyprus,At least 2G,1.00,1.00,1.00,1.00,1.00,1.00,
Cyprus,At least 3G,1.00,1.00,1.00,1.00,1.00,1.00,
Cyprus,At least LTE/WiMAX,0.96,0.98,1.00,1.00,1.00,1.00,
Cyprus,At least 5G,,,,,0.96,1.00,
Czech Republic,At least 2G,1.00,1.00,1.00,1.00,1.00,1.00,
Czech Republic,At least 3G,1.00,1.00,1.00,1.00,1.00,1.00,
Czech Republic,At least LTE/WiMAX,1.00,1.00,1.00,1.00,1.00,1.00,
Czech Republic,At least 5G,,,,0.00,0.67,0.85,
Côte d'Ivoire,At least 2G,0.96,0.97,0.98,0.98,0.98,0.98,
Côte d'Ivoire,At least 3G,0.67,0.73,0.94,0.95,0.96,0.97,
Côte d'Ivoire,At least LTE/WiMAX,0.47,0.55,0.59,0.60,0.65,0.91,
Côte d'Ivoire,At least 5G,,0.00,0.00,0.00,0.00,0.00,
Dem. People's Rep. of Korea,At least 2G,0.95,,0.95,0.95,0.95,,
Dem. People's Rep. of Korea,At least 3G,,,,,,,
Dem. People's Rep. of Korea,At least LTE/WiMAX,0.00,,,,0.00,,
Dem. People's Rep. of Korea,At least 5G,,,,,0.00,,
Dem. Rep. of the Congo,At least 2G,0.50,0.52,0.54,0.70,0.73,0.75,
Dem. Rep. of the Congo,At least 3G,0.40,0.50,0.54,0.54,0.55,0.55,
Dem. Rep. of the Congo,At least LTE/WiMAX,0.00,0.00,,0.40,0.40,0.45,
Dem. Rep. of the Congo,At least 5G,,,,,0.00,,
Denmark,At least 2G,1.00,1.00,1.00,1.00,1.00,1.00,
Denmark,At least 3G,1.00,1.00,1.00,1.00,1.00,1.00,
Denmark,At least LTE/WiMAX,1.00,1.00,1.00,1.00,1.00,1.00,
Denmark,At least 5G,,,,0.98,0.99,1.00,
Djibouti,At least 2G,0.85,0.85,0.90,0.90,0.90,0.90,
Djibouti,At least 3G,0.70,0.70,0.75,0.75,0.90,0.90,
Djibouti,At least LTE/WiMAX,0.00,0.05,0.50,0.70,0.76,0.76,
Djibouti,At least 5G,,,,0.00,0.00,0.00,
Dominica,At least 2G,0.95,1.00,1.00,1.00,1.00,,
Dominica,At least 3G,0.95,0.95,0.95,0.97,1.00,,
Dominica,At least LTE/WiMAX,0.67,0.95,0.95,0.95,1.00,,
Dominica,At least 5G,,,,,0.00,,
Dominican Rep.,At least 2G,1.00,1.00,1.00,1.00,1.00,1.00,
Dominican Rep.,At least 3G,0.99,0.99,1.00,1.00,1.00,0.99,
Dominican Rep.,At least LTE/WiMAX,0.90,0.94,0.95,0.97,0.98,0.98,
Dominican Rep.,At least 5G,,,,,0.06,0.53,
Ecuador,At least 2G,0.97,0.95,0.96,0.96,0.96,0.96,
Ecuador,At least 3G,0.92,0.93,0.94,0.95,0.95,0.96,
Ecuador,At least LTE/WiMAX,0.59,0.71,0.83,0.91,0.93,0.94,
Ecuador,At least 5G,,,,,0.00,,
Egypt,At least 2G,1.00,1.00,1.00,1.00,1.00,1.00,
Egypt,At least 3G,0.99,0.99,0.99,0.99,1.00,1.00,
Egypt,At least LTE/WiMAX,0.61,0.89,0.95,0.96,0.98,0.98,
Egypt,At least 5G,,,,,0.00,0.00,
El Salvador,At least 2G,0.97,0.97,0.98,0.98,0.98,0.98,
El Salvador,At least 3G,0.86,0.86,0.87,0.87,0.92,0.92,
El Salvador,At least LTE/WiMAX,0.52,0.68,0.68,0.68,0.76,0.76,
El Salvador,At least 5G,,,,,0.00,,
Equatorial Guinea,At least 2G,0.70,0.70,0.70,0.70,0.80,0.80,
Equatorial Guinea,At least 3G,0.50,0.60,0.60,0.60,0.65,0.65,
Equatorial Guinea,At least LTE/WiMAX,0.00,,,,0.65,0.65,
Equatorial Guinea,At least 5G,,,,,0.00,0.00,
Eritrea,At least 2G,0.85,,0.85,0.85,0.85,,
Eritrea,At least 3G,0.00,,,,0.35,,
Eritrea,At least LTE/WiMAX,0.00,,,,0.00,,
Eritrea,At least 5G,,,,,0.00,,
Estonia,At least 2G,1.00,1.00,1.00,1.00,1.00,1.00,
Estonia,At least 3G,1.00,1.00,1.00,1.00,1.00,1.00,
Estonia,At least LTE/WiMAX,0.99,0.99,0.99,0.99,0.99,0.99,
Estonia,At least 5G,,,,,0.25,0.30,
Eswatini,At least 2G,0.95,0.98,0.99,0.99,0.99,0.99,
Eswatini,At least 3G,0.88,0.88,0.88,0.88,0.99,0.99,
Eswatini,At least LTE/WiMAX,0.30,0.37,0.39,0.61,0.80,0.81,
Eswatini,At least 5G,,,,,0.00,0.00,
Ethiopia,At least 2G,0.97,–,0.97,0.97,0.97,0.99,
Ethiopia,At least 3G,0.85,–,0.85,0.85,0.85,0.99,
Ethiopia,At least LTE/WiMAX,0.07,–,0.07,0.07,0.10,0.33,
Ethiopia,At least 5G,,,,,,0.00,
Falkland (Malvinas) Is.,At least 2G,,,,,0.96,,
Falkland (Malvinas) Is.,At least 3G,,,,,,,
Falkland (Malvinas) Is.,At least LTE/WiMAX,,,,,,,
Falkland (Malvinas) Is.,At least 5G,,,,,0.00,,
Faroe Islands,At least 2G,1.00,1.00,1.00,1.00,1.00,,
Faroe Islands,At least 3G,1.00,1.00,1.00,1.00,1.00,,
Faroe Islands,At least LTE/WiMAX,1.00,1.00,1.00,1.00,1.00,,
Faroe Islands,At least 5G,,0.00,0.00,0.00,0.00,,
Fiji,At least 2G,0.96,0.98,0.98,0.98,0.98,,
Fiji,At least 3G,0.96,0.94,0.95,0.96,0.96,,
Fiji,At least LTE/WiMAX,,0.75,0.76,0.80,0.80,,
Fiji,At least 5G,,0.00,0.00,0.00,0.00,,
Finland,At least 2G,1.00,1.00,1.00,1.00,1.00,1.00,
Finland,At least 3G,1.00,1.00,1.00,1.00,1.00,1.00,
Finland,At least LTE/WiMAX,1.00,1.00,1.00,1.00,1.00,1.00,
Finland,At least 5G,,,,,0.95,0.98,
France,At least 2G,0.99,0.99,0.99,0.99,0.99,0.99,
France,At least 3G,0.99,0.99,0.99,0.99,0.99,0.99,
France,At least LTE/WiMAX,0.98,0.99,0.99,0.99,0.99,0.99,
France,At least 5G,,,,,0.80,,
French Guiana,At least 2G,,,,,,,
French Guiana,At least 3G,,,0.85,0.85,0.85,,
French Guiana,At least LTE/WiMAX,,,,,,,
French Guiana,At least 5G,,,,,,,
French Polynesia,At least 2G,0.98,0.98,0.98,0.98,0.98,0.98,
French Polynesia,At least 3G,0.85,0.89,0.89,0.89,0.90,0.90,
French Polynesia,At least LTE/WiMAX,0.58,0.89,0.89,0.89,0.90,0.90,
French Polynesia,At least 5G,,,,,0.00,,
Gabon,At least 2G,0.98,0.99,0.99,0.99,0.99,0.99,
Gabon,At least 3G,0.95,0.97,0.97,0.98,0.98,0.98,
Gabon,At least LTE/WiMAX,0.95,0.97,0.97,0.98,0.98,0.98,
Gabon,At least 5G,,,,,0.00,,
Gambia,At least 2G,0.96,0.98,0.98,0.98,0.98,,
Gambia,At least 3G,0.86,0.88,0.88,0.88,0.88,,
Gambia,At least LTE/WiMAX,0.07,0.08,0.30,0.50,0.55,,
Gambia,At least 5G,,,,,0.00,,
Georgia,At least 2G,1.00,1.00,1.00,1.00,1.00,1.00,
Georgia,At least 3G,1.00,1.00,1.00,1.00,1.00,1.00,
Georgia,At least LTE/WiMAX,1.00,1.00,1.00,1.00,1.00,1.00,
Georgia,At least 5G,,,,,0.00,0.00,
Germany,At least 2G,0.99,0.99,0.99,1.00,1.00,1.00,
Germany,At least 3G,,,0.99,1.00,1.00,1.00,
Germany,At least LTE/WiMAX,0.96,0.98,0.99,1.00,1.00,1.00,
Germany,At least 5G,,,,,0.91,0.95,
Ghana,At least 2G,0.97,0.97,0.97,0.97,0.97,0.97,
Ghana,At least 3G,0.80,0.80,0.96,0.96,0.96,0.96,
Ghana,At least LTE/WiMAX,0.35,0.35,0.68,0.68,0.68,0.68,
Ghana,At least 5G,,,,0.00,0.00,0.00,
Gibraltar,At least 2G,1.00,1.00,1.00,1.00,1.00,1.00,
Gibraltar,At least 3G,1.00,1.00,1.00,1.00,1.00,1.00,
Gibraltar,At least LTE/WiMAX,1.00,1.00,1.00,1.00,1.00,1.00,
Gibraltar,At least 5G,,,,1.00,1.00,1.00,
Greece,At least 2G,1.00,1.00,1.00,1.00,1.00,1.00,
Greece,At least 3G,1.00,1.00,1.00,1.00,1.00,1.00,
Greece,At least LTE/WiMAX,0.98,0.99,0.99,0.99,0.99,0.99,
Greece,At least 5G,,,,,0.60,0.89,
Greenland,At least 2G,1.00,1.00,1.00,1.00,1.00,,
Greenland,At least 3G,0.88,1.00,1.00,1.00,1.00,,
Greenland,At least LTE/WiMAX,0.56,1.00,1.00,1.00,1.00,,
Greenland,At least 5G,,,,,0.00,,
Grenada,At least 2G,0.82,–,0.82,0.98,0.98,,
Grenada,At least 3G,0.82,–,0.82,0.95,0.99,,
Grenada,At least LTE/WiMAX,0.82,–,0.82,0.95,0.99,,
Grenada,At least 5G,,,,,0.00,,
Guam,At least 2G,,,,,,,
Guam,At least 3G,,,0.93,0.93,0.93,,
Guam,At least LTE/WiMAX,,,0.83,0.83,0.83,,
Guam,At least 5G,,,,,0.19,,
Guatemala,At least 2G,,,1.00,1.00,1.00,1.00,
Guatemala,At least 3G,0.95,0.95,0.95,0.95,0.95,0.95,
Guatemala,At least LTE/WiMAX,0.64,0.78,0.86,0.88,0.88,0.89,
Guatemala,At least 5G,,,,,0.00,0.01,
Guernsey,At least 2G,,,,,,,
Guernsey,At least 3G,,,,,0.99,,
Guernsey,At least LTE/WiMAX,,,,,0.74,,
Guernsey,At least 5G,,,,,0.00,,
Guinea,At least 2G,,0.79,0.87,0.88,0.88,,
Guinea,At least 3G,,0.31,0.40,0.40,0.40,,
Guinea,At least LTE/WiMAX,,0.19,0.29,0.29,0.29,,
Guinea,At least 5G,,,,,0.00,,
Guinea-Bissau,At least 2G,0.91,0.92,0.97,1.00,1.00,1.00,
Guinea-Bissau,At least 3G,,,0.30,0.33,0.43,0.48,
Guinea-Bissau,At least LTE/WiMAX,,,,,0.23,,
Guinea-Bissau,At least 5G,,,,,0.00,0.00,
Guyana,At least 2G,0.97,–,0.97,0.97,0.97,,
Guyana,At least 3G,0.93,–,0.93,0.93,0.93,,
Guyana,At least LTE/WiMAX,0.50,–,0.50,0.50,0.50,,
Guyana,At least 5G,,,,,0.00,,
Haiti,At least 2G,,,0.70,0.70,0.70,,
Haiti,At least 3G,0.40,0.60,0.60,0.60,0.60,,
Haiti,At least LTE/WiMAX,0.30,0.30,0.30,0.35,0.35,,
Haiti,At least 5G,,,,,0.00,,
Honduras,At least 2G,0.92,0.91,0.88,0.88,0.89,0.89,
Honduras,At least 3G,0.77,0.78,0.75,0.81,0.82,0.86,
Honduras,At least LTE/WiMAX,0.51,0.68,0.68,0.75,0.79,0.86,
Honduras,At least 5G,,,,0.00,0.00,0.00,
Hong Kong,At least 2G,1.00,1.00,1.00,1.00,1.00,1.00,
Hong Kong,At least 3G,0.99,0.99,0.99,0.99,0.99,0.99,
Hong Kong,At least LTE/WiMAX,0.99,0.99,0.99,0.99,0.99,0.99,
Hong Kong,At least 5G,,,,0.90,0.90,0.90,
Hungary,At least 2G,0.99,0.99,0.99,0.99,0.99,0.99,
Hungary,At least 3G,0.99,0.99,0.99,0.99,0.99,0.99,
Hungary,At least LTE/WiMAX,0.99,0.99,0.99,0.99,0.99,0.99,
Hungary,At least 5G,,,,,0.25,0.58,
Iceland,At least 2G,0.99,0.99,0.99,1.00,1.00,1.00,
Iceland,At least 3G,0.99,0.99,0.99,1.00,1.00,1.00,
Iceland,At least LTE/WiMAX,0.98,0.98,0.99,1.00,1.00,1.00,
Iceland,At least 5G,,,,0.51,0.85,0.95,
India,At least 2G,0.97,0.97,0.99,0.99,0.99,0.99,
India,At least 3G,0.88,0.94,0.98,0.99,0.99,0.99,
India,At least LTE/WiMAX,0.88,0.94,0.98,0.99,0.99,0.99,
India,At least 5G,,,,,0.00,,
Indonesia,At least 2G,0.99,0.99,0.99,0.98,0.98,0.99,
Indonesia,At least 3G,0.94,0.98,0.97,0.96,0.96,0.97,
Indonesia,At least LTE/WiMAX,0.90,0.98,0.98,0.96,0.96,0.97,
Indonesia,At least 5G,,,,,0.05,,
Iran,At least 2G,0.97,0.97,0.97,0.97,0.97,0.97,
Iran,At least 3G,0.77,0.79,0.85,0.85,0.85,0.85,
Iran,At least LTE/WiMAX,0.74,0.76,0.81,0.81,0.81,0.81,
Iran,At least 5G,,0.00,0.00,0.00,0.00,0.00,
Iraq,At least 2G,1.00,1.00,1.00,1.00,1.00,1.00,
Iraq,At least 3G,0.86,0.95,0.97,0.97,0.97,0.98,
Iraq,At least LTE/WiMAX,0.00,0.00,0.00,0.95,0.96,0.97,
Iraq,At least 5G,,,,,0.00,0.00,
Ireland,At least 2G,0.99,0.99,0.99,0.99,0.99,0.99,
Ireland,At least 3G,0.95,0.95,0.95,0.95,0.95,0.95,
Ireland,At least LTE/WiMAX,0.90,0.90,0.90,0.90,0.90,0.90,
Ireland,At least 5G,,,,,0.79,0.79,
Israel,At least 2G,0.99,0.99,0.99,0.99,0.99,0.99,
Israel,At least 3G,0.99,0.99,0.99,0.99,0.99,0.99,
Israel,At least LTE/WiMAX,0.82,0.90,0.94,0.97,0.97,,
Israel,At least 5G,,,,,0.30,,
Italy,At least 2G,1.00,1.00,1.00,1.00,1.00,1.00,
Italy,At least 3G,1.00,1.00,1.00,1.00,1.00,1.00,
Italy,At least LTE/WiMAX,0.98,0.99,1.00,1.00,1.00,1.00,
Italy,At least 5G,,,,,,0.30,
Jamaica,At least 2G,1.00,1.00,1.00,1.00,1.00,1.00,
Jamaica,At least 3G,0.95,0.98,0.99,0.99,0.99,0.99,
Jamaica,At least LTE/WiMAX,0.45,0.73,0.94,0.97,0.98,0.99,
Jamaica,At least 5G,,,,,0.00,,
Japan,At least 2G,1.00,1.00,1.00,1.00,1.00,1.00,
Japan,At least 3G,1.00,1.00,1.00,1.00,1.00,1.00,
Japan,At least LTE/WiMAX,0.99,1.00,1.00,1.00,0.93,0.97,
Japan,At least 5G,,,,0.30,0.93,0.97,
Jersey,At least 2G,,,,,,,
Jersey,At least 3G,,,,,0.99,,
Jersey,At least LTE/WiMAX,,,,,0.94,,
Jersey,At least 5G,,,,,0.00,,
Jordan,At least 2G,1.00,1.00,1.00,1.00,1.00,1.00,
Jordan,At least 3G,0.99,1.00,1.00,1.00,1.00,1.00,
Jordan,At least LTE/WiMAX,0.90,0.99,0.99,0.99,0.99,1.00,
Jordan,At least 5G,,,,,0.00,0.00,
Kazakhstan,At least 2G,0.97,0.97,0.98,0.98,0.98,0.99,
Kazakhstan,At least 3G,0.88,0.88,0.89,0.93,0.96,0.98,
Kazakhstan,At least LTE/WiMAX,0.73,0.75,0.76,0.81,0.84,0.87,
Kazakhstan,At least 5G,,,,,0.00,0.05,
Kenya,At least 2G,0.95,0.96,0.96,0.96,0.97,0.98,
Kenya,At least 3G,0.85,0.86,0.93,0.94,0.95,0.98,
Kenya,At least LTE/WiMAX,0.25,0.35,0.57,0.77,0.94,0.97,
Kenya,At least 5G,,,,,0.00,0.01,
Kiribati,At least 2G,0.72,0.72,0.72,0.73,0.74,0.74,
Kiribati,At least 3G,0.66,0.67,0.71,0.72,0.71,0.73,
Kiribati,At least LTE/WiMAX,0.51,0.53,0.53,0.53,0.64,0.64,
Kiribati,At least 5G,,,,0.00,0.00,0.00,
South Korea,At least 2G,1.00,1.00,1.00,1.00,1.00,1.00,
South Korea,At least 3G,1.00,1.00,1.00,1.00,1.00,1.00,
South Korea,At least LTE/WiMAX,1.00,1.00,1.00,1.00,1.00,1.00,
South Korea,At least 5G,,,,,,,
Kosovo,At least 2G,,,,,,,
Kosovo,At least 3G,,,,,0.95,,
Kosovo,At least LTE/WiMAX,,,,,,,
Kosovo,At least 5G,,,,,,,
Kuwait,At least 2G,1.00,1.00,1.00,1.00,1.00,1.00,
Kuwait,At least 3G,1.00,1.00,1.00,1.00,1.00,1.00,
Kuwait,At least LTE/WiMAX,1.00,1.00,1.00,1.00,1.00,1.00,
Kuwait,At least 5G,,,,0.97,0.92,1.00,
Kyrgyzstan,At least 2G,0.99,0.99,0.99,0.99,0.98,0.99,
Kyrgyzstan,At least 3G,0.75,0.88,0.91,0.91,0.97,0.98,
Kyrgyzstan,At least LTE/WiMAX,0.50,0.70,0.85,0.85,0.96,0.97,
Kyrgyzstan,At least 5G,,,,,0.00,0.00,
Laos,At least 2G,0.94,0.94,0.95,0.95,0.95,,
Laos,At least 3G,0.78,0.78,0.82,0.82,0.85,,
Laos,At least LTE/WiMAX,0.09,0.43,0.43,0.50,0.52,,
Laos,At least 5G,,,,,0.08,,
Latvia,At least 2G,0.99,,0.99,0.99,0.99,0.99,
Latvia,At least 3G,0.99,,0.99,0.99,0.99,0.99,
Latvia,At least LTE/WiMAX,0.95,,0.95,0.95,0.95,0.95,
Latvia,At least 5G,,,,,0.37,0.42,
Lebanon,At least 2G,0.99,1.00,1.00,1.00,1.00,,
Lebanon,At least 3G,0.98,0.98,1.00,1.00,1.00,,
Lebanon,At least LTE/WiMAX,0.98,0.98,0.99,0.99,0.99,,
Lebanon,At least 5G,,,,,0.00,,
Lesotho,At least 2G,0.99,0.98,0.98,0.98,0.95,0.96,
Lesotho,At least 3G,0.98,0.98,0.98,0.98,0.95,0.96,
Lesotho,At least LTE/WiMAX,0.65,0.65,0.67,0.67,0.85,0.85,
Lesotho,At least 5G,,,,,0.00,0.00,
Liberia,At least 2G,0.76,,0.76,0.76,0.76,,
Liberia,At least 3G,0.63,,0.63,0.63,0.63,,
Liberia,At least LTE/WiMAX,0.30,,0.30,0.35,0.35,,
Liberia,At least 5G,,,,,0.00,,
Libya,At least 2G,0.78,,0.78,0.78,0.78,0.98,
Libya,At least 3G,0.78,,0.78,0.78,0.72,0.94,
Libya,At least LTE/WiMAX,0.40,,0.40,0.40,0.40,0.90,
Libya,At least 5G,,,,0.00,0.00,0.00,
Liechtenstein,At least 2G,1.00,1.00,1.00,1.00,1.00,1.00,
Liechtenstein,At least 3G,0.99,0.99,0.99,0.99,0.99,0.99,
Liechtenstein,At least LTE/WiMAX,0.97,0.98,0.98,0.98,0.98,0.98,
Liechtenstein,At least 5G,,,,0.00,0.00,0.00,
Lithuania,At least 2G,1.00,1.00,1.00,1.00,1.00,1.00,
Lithuania,At least 3G,1.00,1.00,1.00,1.00,1.00,1.00,
Lithuania,At least LTE/WiMAX,0.98,0.99,1.00,1.00,1.00,1.00,
Lithuania,At least 5G,,,,0.26,0.32,0.91,
Luxembourg,At least 2G,0.99,0.99,0.99,0.99,0.99,1.00,
Luxembourg,At least 3G,0.99,0.99,0.99,0.99,0.99,1.00,
Luxembourg,At least LTE/WiMAX,0.96,0.97,0.98,0.98,0.99,1.00,
Luxembourg,At least 5G,,,,,0.21,0.98,
Macao,At least 2G,1.00,,1.00,1.00,1.00,1.00,
Macao,At least 3G,1.00,,1.00,1.00,1.00,1.00,
Macao,At least LTE/WiMAX,0.99,,0.99,0.99,1.00,1.00,
Macao,At least 5G,,,,,0.00,,
Madagascar,At least 2G,0.79,0.80,0.80,0.80,0.88,0.88,
Madagascar,At least 3G,0.64,0.65,0.65,0.65,0.67,0.67,
Madagascar,At least LTE/WiMAX,0.25,0.25,0.25,0.25,0.27,0.27,
Madagascar,At least 5G,,,,,,0.06,
Malawi,At least 2G,0.82,0.84,0.88,0.86,0.86,0.88,
Malawi,At least 3G,0.50,0.54,0.78,0.82,0.84,0.86,
Malawi,At least LTE/WiMAX,0.30,0.30,0.50,0.65,0.69,0.70,
Malawi,At least 5G,,,0.00,0.00,0.00,0.00,
Malaysia,At least 2G,0.96,0.95,0.97,0.97,0.99,0.99,
Malaysia,At least 3G,0.94,0.95,0.96,0.95,0.95,0.97,
Malaysia,At least LTE/WiMAX,0.77,0.80,0.82,0.94,0.95,0.97,
Malaysia,At least 5G,,,,,0.04,0.47,
Maldives,At least 2G,1.00,1.00,1.00,1.00,1.00,1.00,
Maldives,At least 3G,1.00,1.00,1.00,1.00,1.00,1.00,
Maldives,At least LTE/WiMAX,1.00,1.00,1.00,1.00,1.00,1.00,
Maldives,At least 5G,,,,0.37,0.45,0.53,
Mali,At least 2G,0.81,1.00,1.00,1.00,1.00,1.00,
Mali,At least 3G,0.29,0.55,0.60,0.65,0.68,0.70,
Mali,At least LTE/WiMAX,0.00,0.28,0.34,0.45,0.47,0.53,
Mali,At least 5G,,0.00,0.00,0.00,0.00,0.00,
Malta,At least 2G,1.00,1.00,1.00,1.00,1.00,1.00,
Malta,At least 3G,1.00,1.00,1.00,1.00,1.00,1.00,
Malta,At least LTE/WiMAX,1.00,1.00,1.00,1.00,1.00,1.00,
Malta,At least 5G,,,0.00,0.00,0.25,1.00,
Marshall Islands,At least 2G,0.65,,0.65,0.65,0.65,,
Marshall Islands,At least 3G,,,,,,,
Marshall Islands,At least LTE/WiMAX,,,,,,,
Marshall Islands,At least 5G,,,,,0.00,,
Mauritania,At least 2G,0.95,0.96,0.96,0.97,0.97,0.98,
Mauritania,At least 3G,0.42,0.43,0.43,0.44,0.44,0.44,
Mauritania,At least LTE/WiMAX,0.00,0.00,0.00,0.00,0.35,,
Mauritania,At least 5G,,,,,0.00,,
Mauritius,At least 2G,0.99,0.99,0.99,0.99,0.99,0.99,
Mauritius,At least 3G,0.99,0.99,0.99,0.99,0.99,0.99,
Mauritius,At least LTE/WiMAX,0.99,0.99,0.99,0.99,0.99,0.99,
Mauritius,At least 5G,,,,,0.05,0.33,
Mayotte,At least 2G,,,,,,,
Mayotte,At least 3G,,,0.66,0.66,0.66,,
Mayotte,At least LTE/WiMAX,,,,,,,
Mayotte,At least 5G,,,,,0.00,,
Mexico,At least 2G,,0.93,0.96,0.96,0.97,0.96,
Mexico,At least 3G,,0.90,0.95,0.96,0.96,0.96,
Mexico,At least LTE/WiMAX,,0.88,0.90,0.94,0.95,0.95,
Mexico,At least 5G,,0.00,0.00,0.00,0.00,0.19,
Micronesia,At least 2G,0.80,,0.80,0.80,0.80,,
Micronesia,At least 3G,0.15,,0.15,0.15,0.15,,
Micronesia,At least LTE/WiMAX,0.00,,,,0.00,,
Micronesia,At least 5G,,,,,0.00,,
Moldova,At least 2G,1.00,1.00,1.00,1.00,1.00,1.00,
Moldova,At least 3G,1.00,1.00,1.00,1.00,1.00,1.00,
Moldova,At least LTE/WiMAX,0.97,0.97,0.98,0.99,0.99,0.99,
Moldova,At least 5G,,,,,0.00,,
Monaco,At least 2G,1.00,1.00,1.00,1.00,1.00,1.00,
Monaco,At least 3G,1.00,1.00,1.00,1.00,1.00,1.00,
Monaco,At least LTE/WiMAX,1.00,1.00,1.00,1.00,1.00,1.00,
Monaco,At least 5G,,,,1.00,1.00,1.00,
Mongolia,At least 2G,0.99,1.00,1.00,1.00,1.00,1.00,
Mongolia,At least 3G,0.95,0.95,0.96,1.00,1.00,1.00,
Mongolia,At least LTE/WiMAX,0.21,0.45,0.59,0.73,0.99,0.99,
Mongolia,At least 5G,,,,,0.00,,
Montenegro,At least 2G,1.00,1.00,0.99,0.98,0.98,0.98,
Montenegro,At least 3G,0.98,0.98,0.98,0.98,0.98,0.98,
Montenegro,At least LTE/WiMAX,0.98,0.98,0.98,0.98,0.98,0.98,
Montenegro,At least 5G,,,,0.00,0.00,0.76,
Montserrat,At least 2G,,,,,,,
Montserrat,At least 3G,,,0.95,0.95,,,
Montserrat,At least LTE/WiMAX,,,,,,,
Montserrat,At least 5G,,,,,,,
Morocco,At least 2G,1.00,1.00,1.00,1.00,1.00,1.00,
Morocco,At least 3G,0.96,0.98,0.99,0.99,0.99,1.00,
Morocco,At least LTE/WiMAX,0.93,0.96,0.99,0.99,0.99,0.99,
Morocco,At least 5G,,,,,0.00,,
Mozambique,At least 2G,0.80,0.85,0.85,0.85,0.85,0.87,
Mozambique,At least 3G,0.80,0.82,0.82,0.85,0.85,0.85,
Mozambique,At least LTE/WiMAX,0.00,0.33,0.40,0.50,0.50,0.60,
Mozambique,At least 5G,,,,,0.00,0.05,
Myanmar,At least 2G,0.91,0.95,0.96,0.97,0.96,0.96,
Myanmar,At least 3G,0.91,0.94,0.96,0.94,0.94,0.95,
Myanmar,At least LTE/WiMAX,0.30,0.75,0.89,0.94,0.94,0.94,
Myanmar,At least 5G,,,,,0.00,0.00,
Namibia,At least 2G,1.00,1.00,1.00,1.00,1.00,1.00,
Namibia,At least 3G,0.53,0.53,0.69,0.89,0.89,0.89,
Namibia,At least LTE/WiMAX,0.39,0.39,0.39,0.39,0.79,0.79,
Namibia,At least 5G,,,,0.00,0.00,0.00,
Nauru,At least 2G,0.98,,0.98,0.98,0.98,,
Nauru,At least 3G,0.98,,0.98,0.98,0.98,,
Nauru,At least LTE/WiMAX,0.30,,0.30,0.30,0.30,,
Nauru,At least 5G,,,,,0.00,,
Nepal,At least 2G,0.93,,0.93,0.93,0.93,,
Nepal,At least 3G,0.54,,0.54,0.54,0.54,,
Nepal,At least LTE/WiMAX,0.16,,0.30,0.45,0.45,,
Nepal,At least 5G,,,,,0.00,,
Netherlands,At least 2G,1.00,1.00,1.00,1.00,1.00,0.99,
Netherlands,At least 3G,0.99,0.99,0.99,0.99,0.99,0.99,
Netherlands,At least LTE/WiMAX,0.99,0.99,0.99,0.99,0.99,0.99,
Netherlands,At least 5G,,,,,0.82,0.99,
New Caledonia,At least 2G,,,,,0.97,,
New Caledonia,At least 3G,,,0.97,0.97,0.97,,
New Caledonia,At least LTE/WiMAX,,,0.80,0.80,0.80,,
New Caledonia,At least 5G,,,,,0.00,,
New Zealand,At least 2G,0.98,0.98,0.98,0.99,0.98,0.99,
New Zealand,At least 3G,0.98,0.98,0.98,0.99,0.98,0.99,
New Zealand,At least LTE/WiMAX,0.94,0.97,0.97,0.98,0.98,0.98,
New Zealand,At least 5G,,,,,,0.18,
Nicaragua,At least 2G,0.69,0.71,0.72,0.72,0.73,0.85,
Nicaragua,At least 3G,0.85,0.85,0.72,0.72,0.72,0.85,
Nicaragua,At least LTE/WiMAX,0.42,0.42,0.42,0.50,0.69,0.73,
Nicaragua,At least 5G,,,,,0.00,0.00,
Niger,At least 2G,0.92,–,0.92,0.92,0.92,,
Niger,At least 3G,0.24,–,0.24,0.24,0.24,,
Niger,At least LTE/WiMAX,0.00,–,0.10,0.15,0.15,,
Niger,At least 5G,,,,,0.00,,
Nigeria,At least 2G,0.93,0.94,0.90,0.91,0.93,0.94,
Nigeria,At least 3G,0.54,0.76,0.74,0.75,0.85,0.87,
Nigeria,At least LTE/WiMAX,,0.22,0.38,0.41,0.62,0.81,
Nigeria,At least 5G,,,,,,,
Niue,At least 2G,,,,,,,
Niue,At least 3G,,,0.20,0.40,0.60,,
Niue,At least LTE/WiMAX,,,0.20,0.40,0.60,,
Niue,At least 5G,,,,,0.00,,
Norfolk Islands,At least 2G,,,,,,,
Norfolk Islands,At least 3G,,,,,,,
Norfolk Islands,At least LTE/WiMAX,,,,,,,
Norfolk Islands,At least 5G,,,,,0.00,,
North Macedonia,At least 2G,1.00,1.00,1.00,1.00,1.00,1.00,
North Macedonia,At least 3G,0.99,1.00,1.00,1.00,1.00,1.00,
North Macedonia,At least LTE/WiMAX,0.96,1.00,1.00,1.00,1.00,1.00,
North Macedonia,At least 5G,,,,,,,
Northern Marianas,At least 2G,,,,,,,
Northern Marianas,At least 3G,,,0.35,0.35,0.35,,
Northern Marianas,At least LTE/WiMAX,,,,,0.10,,
Northern Marianas,At least 5G,,,,,0.18,,
Norway,At least 2G,1.00,1.00,1.00,1.00,1.00,1.00,
Norway,At least 3G,1.00,1.00,1.00,1.00,1.00,1.00,
Norway,At least LTE/WiMAX,1.00,1.00,1.00,1.00,1.00,1.00,
Norway,At least 5G,,,,0.05,0.23,0.82,
Oman,At least 2G,0.99,0.99,0.99,0.99,1.00,1.00,
Oman,At least 3G,0.99,0.99,0.99,0.99,1.00,1.00,
Oman,At least LTE/WiMAX,0.92,0.96,0.96,0.98,0.99,0.99,
Oman,At least 5G,,,,,0.44,0.88,
Pakistan,At least 2G,0.88,0.89,0.89,0.89,0.89,0.89,
Pakistan,At least 3G,0.72,0.73,0.77,0.77,0.78,0.80,
Pakistan,At least LTE/WiMAX,0.67,0.69,0.69,0.69,0.75,0.76,
Pakistan,At least 5G,,,,,0.00,,
Palau,At least 2G,,,,,0.98,0.98,
Palau,At least 3G,,,0.88,0.88,0.88,0.89,
Palau,At least LTE/WiMAX,,,,,,,
Palau,At least 5G,,,,,0.00,,
Panama,At least 2G,0.96,0.96,0.96,0.96,0.96,0.96,
Panama,At least 3G,0.95,0.95,0.95,0.95,0.95,0.95,
Panama,At least LTE/WiMAX,0.33,0.33,0.59,0.65,0.84,0.84,
Panama,At least 5G,,,,0.00,0.00,0.00,
Papua New Guinea,At least 2G,0.89,,0.89,0.89,0.89,,
Papua New Guinea,At least 3G,0.64,,0.64,0.64,0.64,,
Papua New Guinea,At least LTE/WiMAX,0.50,,0.50,0.50,0.50,,
Papua New Guinea,At least 5G,,,,,0.00,,
Paraguay,At least 2G,0.98,0.99,0.99,0.99,1.00,1.00,
Paraguay,At least 3G,0.96,0.98,0.98,0.95,0.95,0.98,
Paraguay,At least LTE/WiMAX,0.58,0.81,0.97,0.93,0.94,0.98,
Paraguay,At least 5G,,,,,0.00,,
Peru,At least 2G,0.83,0.91,0.91,0.88,0.89,0.89,
Peru,At least 3G,0.74,0.86,0.86,0.85,0.87,0.87,
Peru,At least LTE/WiMAX,0.52,0.79,0.79,0.78,0.81,0.81,
Peru,At least 5G,,,0.00,0.00,0.05,0.05,
Philippines,At least 2G,0.99,0.99,0.99,0.99,0.99,,
Philippines,At least 3G,0.93,0.96,0.93,0.96,0.96,,
Philippines,At least LTE/WiMAX,0.80,0.80,0.80,0.80,0.80,,
Philippines,At least 5G,,,,,0.61,,
Poland,At least 2G,1.00,1.00,1.00,1.00,1.00,1.00,
Poland,At least 3G,1.00,1.00,1.00,1.00,1.00,1.00,
Poland,At least LTE/WiMAX,1.00,1.00,1.00,1.00,1.00,1.00,
Poland,At least 5G,,0.00,0.00,0.03,0.23,0.63,
Portugal,At least 2G,1.00,1.00,1.00,1.00,1.00,1.00,
Portugal,At least 3G,1.00,0.99,1.00,1.00,1.00,1.00,
Portugal,At least LTE/WiMAX,0.99,0.99,1.00,1.00,1.00,1.00,
Portugal,At least 5G,,,,,0.35,0.90,
Puerto Rico,At least 2G,1.00,1.00,1.00,1.00,1.00,1.00,
Puerto Rico,At least 3G,0.99,1.00,1.00,1.00,1.00,1.00,
Puerto Rico,At least LTE/WiMAX,,,,0.90,0.90,,
Puerto Rico,At least 5G,,,,,0.49,,
Qatar,At least 2G,1.00,1.00,1.00,1.00,1.00,1.00,
Qatar,At least 3G,1.00,1.00,1.00,1.00,1.00,1.00,
Qatar,At least LTE/WiMAX,1.00,1.00,1.00,1.00,1.00,1.00,
Qatar,At least 5G,,,,0.93,0.96,0.98,
Romania,At least 2G,1.00,1.00,1.00,1.00,1.00,1.00,
Romania,At least 3G,1.00,1.00,1.00,1.00,1.00,1.00,
Romania,At least LTE/WiMAX,0.89,0.93,0.98,0.98,0.99,0.99,
Romania,At least 5G,,,,,0.32,0.32,
Russian Federation,At least 2G,0.91,0.91,0.99,0.99,0.99,0.99,
Russian Federation,At least 3G,0.77,0.78,0.88,0.89,0.96,0.97,
Russian Federation,At least LTE/WiMAX,0.62,0.70,0.88,0.89,0.90,0.93,
Russian Federation,At least 5G,,,,,0.00,,
Rwanda,At least 2G,1.00,1.00,1.00,1.00,0.99,0.99,
Rwanda,At least 3G,0.93,0.97,0.99,0.98,0.99,0.99,
Rwanda,At least LTE/WiMAX,0.89,0.97,0.99,0.98,0.98,0.99,
Rwanda,At least 5G,,,,,0.00,0.00,
Saint Kitts and Nevis,At least 2G,1.00,,1.00,1.00,1.00,,
Saint Kitts and Nevis,At least 3G,1.00,,1.00,1.00,1.00,,
Saint Kitts and Nevis,At least LTE/WiMAX,0.00,,,,1.00,,
Saint Kitts and Nevis,At least 5G,,,,,0.00,,
Saint Lucia,At least 2G,,0.98,0.98,0.98,1.00,,
Saint Lucia,At least 3G,,,,,1.00,,
Saint Lucia,At least LTE/WiMAX,0.00,–,0.20,0.20,0.96,,
Saint Lucia,At least 5G,,,,,0.00,,
Saint Vincent and the Grenadines,At least 2G,1.00,1.00,1.00,1.00,1.00,1.00,
Saint Vincent and the Grenadines,At least 3G,1.00,1.00,1.00,1.00,1.00,1.00,
Saint Vincent and the Grenadines,At least LTE/WiMAX,0.00,0.90,0.90,0.90,0.90,0.90,
Saint Vincent and the Grenadines,At least 5G,,,,,0.00,,
Samoa,At least 2G,0.97,,0.97,0.97,0.97,0.99,
Samoa,At least 3G,0.91,,0.91,0.91,0.91,0.99,
Samoa,At least LTE/WiMAX,0.49,,0.49,0.49,0.49,0.99,
Samoa,At least 5G,,,,,0.00,,
San Marino,At least 2G,0.98,0.98,0.99,0.99,0.99,0.99,
San Marino,At least 3G,0.98,0.98,0.99,0.99,0.99,0.99,
San Marino,At least LTE/WiMAX,0.98,0.98,0.99,0.99,0.99,0.99,
San Marino,At least 5G,,,,,,,
Sao Tome and Principe,At least 2G,0.93,0.93,0.94,0.94,0.94,0.96,
Sao Tome and Principe,At least 3G,0.93,0.93,0.94,0.94,0.94,0.95,
Sao Tome and Principe,At least LTE/WiMAX,0.00,0.00,0.00,0.00,0.00,0.00,0.90
Sao Tome and Principe,At least 5G,,,,,0.00,,
Saudi Arabia,At least 2G,0.99,0.99,1.00,1.00,1.00,1.00,
Saudi Arabia,At least 3G,0.98,0.98,0.99,0.99,1.00,1.00,
Saudi Arabia,At least LTE/WiMAX,0.90,0.93,0.94,0.98,1.00,1.00,
Saudi Arabia,At least 5G,,,0.35,,0.75,0.53,
Senegal,At least 2G,0.98,0.98,0.98,0.99,0.99,0.99,
Senegal,At least 3G,0.66,0.92,0.92,0.99,0.99,0.99,
Senegal,At least LTE/WiMAX,0.37,0.62,0.67,0.75,0.83,0.95,
Senegal,At least 5G,,,,,0.00,,
Serbia,At least 2G,1.00,1.00,0.99,0.99,1.00,1.00,
Serbia,At least 3G,0.99,0.99,0.99,0.99,1.00,1.00,
Serbia,At least LTE/WiMAX,0.94,0.97,0.97,0.98,0.99,0.99,
Serbia,At least 5G,,,,,0.00,0.00,
Seychelles,At least 2G,0.98,0.99,0.99,0.99,0.99,0.99,
Seychelles,At least 3G,0.90,0.99,0.99,0.99,0.99,0.99,
Seychelles,At least LTE/WiMAX,0.90,0.99,0.99,0.99,0.99,0.99,
Seychelles,At least 5G,,,,,,,
Sierra Leone,At least 2G,0.90,0.74,0.80,0.89,0.93,,
Sierra Leone,At least 3G,0.40,0.50,0.76,0.79,0.80,,
Sierra Leone,At least LTE/WiMAX,0.00,,0.35,0.40,0.49,,
Sierra Leone,At least 5G,,,0.00,0.00,0.00,,
Singapore,At least 2G,1.00,1.00,1.00,1.00,1.00,1.00,
Singapore,At least 3G,1.00,1.00,1.00,1.00,1.00,1.00,
Singapore,At least LTE/WiMAX,1.00,1.00,1.00,1.00,1.00,1.00,
Singapore,At least 5G,,,,,0.74,,
Slovakia,At least 2G,1.00,1.00,1.00,1.00,1.00,1.00,
Slovakia,At least 3G,0.95,0.95,0.97,0.99,0.99,0.99,
Slovakia,At least LTE/WiMAX,0.92,0.94,0.97,0.99,0.99,0.99,
Slovakia,At least 5G,,,,0.00,0.14,0.55,
Slovenia,At least 2G,1.00,1.00,1.00,1.00,1.00,1.00,
Slovenia,At least 3G,0.99,1.00,1.00,1.00,1.00,1.00,
Slovenia,At least LTE/WiMAX,0.99,1.00,1.00,1.00,1.00,1.00,
Slovenia,At least 5G,,,,,0.37,0.64,
Solomon Islands,At least 2G,0.94,0.95,0.95,0.95,0.95,,
Solomon Islands,At least 3G,0.25,0.45,0.45,0.45,0.45,,
Solomon Islands,At least LTE/WiMAX,0.19,0.20,0.25,0.25,0.25,,
Solomon Islands,At least 5G,,,,,0.00,,
Somalia,At least 2G,0.80,0.80,0.80,0.80,0.80,0.80,
Somalia,At least 3G,0.66,,0.70,0.70,0.70,0.70,
Somalia,At least LTE/WiMAX,0.18,,0.25,0.30,0.30,0.30,
Somalia,At least 5G,,,,,0.00,,
South Africa,At least 2G,1.00,1.00,1.00,1.00,1.00,1.00,
South Africa,At least 3G,0.99,1.00,1.00,1.00,1.00,1.00,
South Africa,At least LTE/WiMAX,0.78,0.90,0.94,0.97,0.98,0.99,
South Africa,At least 5G,,,,0.01,0.17,0.24,
S. Sudan,At least 2G,0.30,0.38,0.48,0.48,0.48,0.48,
S. Sudan,At least 3G,0.15,0.15,0.15,0.15,0.15,0.15,
S. Sudan,At least LTE/WiMAX,0.10,0.10,0.15,0.15,0.15,0.15,
S. Sudan,At least 5G,,,,,0.00,,
Spain,At least 2G,1.00,1.00,1.00,1.00,1.00,1.00,
Spain,At least 3G,1.00,1.00,1.00,1.00,1.00,1.00,
Spain,At least LTE/WiMAX,0.96,0.98,0.99,1.00,1.00,1.00,
Spain,At least 5G,,,,0.79,0.82,0.86,
Sri Lanka,At least 2G,1.00,0.99,0.99,0.99,0.99,0.99,
Sri Lanka,At least 3G,0.88,0.86,0.89,0.96,0.96,0.97,
Sri Lanka,At least LTE/WiMAX,0.48,0.80,0.80,0.96,0.96,0.97,
Sri Lanka,At least 5G,,,,,0.09,0.09,
St. Helena,At least 2G,0.98,–,0.98,0.98,0.98,,
St. Helena,At least 3G,0.97,–,0.97,0.97,0.97,,
St. Helena,At least LTE/WiMAX,0.97,–,0.97,0.97,0.97,,
St. Helena,At least 5G,,,,,0.00,,
St. Maarten,At least 2G,,,,,,,
St. Maarten,At least 3G,,,,,,,
St. Maarten,At least LTE/WiMAX,,,,,0.74,,
St. Maarten,At least 5G,,,,,,,
St. Pierre & Miquelon,At least 2G,,,,,,,
St. Pierre & Miquelon,At least 3G,,,,,,,
St. Pierre & Miquelon,At least LTE/WiMAX,,,,,,,
St. Pierre & Miquelon,At least 5G,,,,,0.00,,
State of Palestine,At least 2G,0.97,0.97,0.97,0.98,0.98,0.98,
State of Palestine,At least 3G,0.00,0.57,0.57,0.55,0.59,0.58,
State of Palestine,At least LTE/WiMAX,,0.00,0.00,0.00,0.00,0.00,
State of Palestine,At least 5G,,,,0.00,0.00,0.00,
Sudan,At least 2G,0.90,0.90,0.91,0.91,0.90,0.92,
Sudan,At least 3G,0.46,0.47,0.56,0.65,0.79,0.79,
Sudan,At least LTE/WiMAX,0.35,0.35,0.35,0.35,0.35,0.35,
Sudan,At least 5G,,,0.00,0.00,0.00,,
Suriname,At least 2G,1.00,1.00,1.00,1.00,1.00,1.00,
Suriname,At least 3G,1.00,0.95,1.00,1.00,0.92,0.95,
Suriname,At least LTE/WiMAX,0.35,0.75,0.85,0.85,0.87,0.82,
Suriname,At least 5G,,,,,,0.15,
Sweden,At least 2G,1.00,1.00,1.00,1.00,1.00,1.00,
Sweden,At least 3G,1.00,1.00,1.00,1.00,1.00,1.00,
Sweden,At least LTE/WiMAX,1.00,1.00,1.00,1.00,1.00,1.00,
Sweden,At least 5G,,,,0.18,0.21,0.57,
Switzerland,At least 2G,1.00,1.00,1.00,1.00,1.00,1.00,
Switzerland,At least 3G,1.00,1.00,1.00,1.00,1.00,1.00,
Switzerland,At least LTE/WiMAX,0.99,0.99,1.00,1.00,1.00,1.00,
Switzerland,At least 5G,,,0.92,0.97,1.00,1.00,
Syrian Arab Republic,At least 2G,0.85,0.88,0.88,0.94,0.98,0.99,
Syrian Arab Republic,At least 3G,0.80,0.88,0.88,0.94,0.97,0.99,
Syrian Arab Republic,At least LTE/WiMAX,0.21,0.35,0.35,0.38,0.42,0.76,
Syrian Arab Republic,At least 5G,,,,,0.00,,
Taiwan,At least 2G,1.00,1.00,1.00,1.00,1.00,1.00,
Taiwan,At least 3G,1.00,1.00,1.00,1.00,1.00,1.00,
Taiwan,At least LTE/WiMAX,1.00,1.00,1.00,1.00,1.00,1.00,
Taiwan,At least 5G,,,,0.45,0.85,0.94,
Tajikistan,At least 2G,0.90,,0.90,0.90,0.90,,
Tajikistan,At least 3G,0.90,,0.90,0.90,0.90,,
Tajikistan,At least LTE/WiMAX,0.80,,0.80,0.80,0.80,,
Tajikistan,At least 5G,,,,,,,
Tanzania,At least 2G,0.95,0.95,0.95,0.95,0.95,0.95,
Tanzania,At least 3G,0.85,0.85,0.85,0.85,0.85,0.85,
Tanzania,At least LTE/WiMAX,0.13,0.13,0.13,0.13,0.13,0.58,
Tanzania,At least 5G,,,,,0.00,0.00,
Thailand,At least 2G,0.98,0.98,0.98,0.99,0.99,0.99,
Thailand,At least 3G,0.98,0.98,0.98,0.99,0.99,0.99,
Thailand,At least LTE/WiMAX,0.98,0.98,0.98,0.98,0.98,0.98,
Thailand,At least 5G,,,,,0.76,0.85,
Timor-Leste,At least 2G,0.97,0.97,0.97,0.97,0.97,0.97,
Timor-Leste,At least 3G,0.97,0.97,0.97,0.97,0.97,0.97,
Timor-Leste,At least LTE/WiMAX,0.20,0.40,0.45,0.45,0.45,0.45,
Timor-Leste,At least 5G,,,,,0.00,,
Togo,At least 2G,0.97,0.97,0.97,0.98,0.98,0.99,
Togo,At least 3G,0.65,0.70,0.91,0.97,0.97,0.99,
Togo,At least LTE/WiMAX,0.00,0.35,0.67,0.67,0.83,0.96,
Togo,At least 5G,,,,,,,
Tokelau,At least 2G,,,,,,,
Tokelau,At least 3G,,,,,,,
Tokelau,At least LTE/WiMAX,,,,,,,
Tokelau,At least 5G,,,,,0.00,,
Tonga,At least 2G,0.98,0.98,0.99,0.99,0.99,,
Tonga,At least 3G,0.95,0.96,0.99,0.99,0.99,,
Tonga,At least LTE/WiMAX,0.65,,0.96,0.96,0.96,,
Tonga,At least 5G,,,,,0.00,,
Trinidad and Tobago,At least 2G,1.00,1.00,1.00,1.00,1.00,1.00,
Trinidad and Tobago,At least 3G,0.75,1.00,1.00,1.00,1.00,1.00,
Trinidad and Tobago,At least LTE/WiMAX,0.75,0.75,0.75,0.75,0.75,0.94,
Trinidad and Tobago,At least 5G,,,,0.00,0.00,,
Tunisia,At least 2G,0.99,0.99,0.99,0.99,0.99,0.99,
Tunisia,At least 3G,0.99,0.99,0.99,0.99,0.99,0.99,
Tunisia,At least LTE/WiMAX,0.87,0.96,0.94,0.95,0.95,0.95,
Tunisia,At least 5G,,,,,0.00,,
Turkmenistan,At least 2G,0.96,0.97,0.97,0.98,0.98,0.98,
Turkmenistan,At least 3G,0.76,,0.76,0.76,0.76,,
Turkmenistan,At least LTE/WiMAX,0.67,,0.67,0.67,0.67,,
Turkmenistan,At least 5G,,,,,0.00,,
Turks & Caicos Is.,At least 2G,,,0.98,0.98,0.98,,
Turks & Caicos Is.,At least 3G,,,0.95,0.95,0.95,,
Turks & Caicos Is.,At least LTE/WiMAX,,,0.95,0.95,0.95,,
Turks & Caicos Is.,At least 5G,,,,,0.00,,
Tuvalu,At least 2G,0.48,,0.48,0.50,0.50,,
Tuvalu,At least 3G,0.48,,0.48,0.48,0.48,,
Tuvalu,At least LTE/WiMAX,0.00,,,0.20,0.25,,
Tuvalu,At least 5G,,,,,0.00,,
Turkey,At least 2G,1.00,1.00,1.00,1.00,1.00,1.00,
Turkey,At least 3G,0.97,0.98,0.99,0.98,0.99,1.00,
Turkey,At least LTE/WiMAX,0.87,0.93,0.97,0.92,0.97,1.00,
Turkey,At least 5G,,,,,0.00,,
Uganda,At least 2G,0.93,0.98,0.98,0.98,0.98,0.98,
Uganda,At least 3G,0.65,0.70,0.74,0.85,0.85,0.85,
Uganda,At least LTE/WiMAX,0.17,,0.40,0.31,0.31,0.31,
Uganda,At least 5G,,,,,0.00,,
Ukraine,At least 2G,1.00,1.00,1.00,1.00,1.00,1.00,
Ukraine,At least 3G,0.90,,0.89,0.89,0.92,,
Ukraine,At least LTE/WiMAX,0.03,,0.78,0.87,0.92,,
Ukraine,At least 5G,,,,,0.00,,
United Arab Emirates,At least 2G,1.00,1.00,1.00,1.00,1.00,1.00,
United Arab Emirates,At least 3G,1.00,1.00,1.00,1.00,1.00,1.00,
United Arab Emirates,At least LTE/WiMAX,1.00,1.00,1.00,1.00,1.00,1.00,
United Arab Emirates,At least 5G,,,,0.80,0.91,0.97,
United Kingdom,At least 2G,1.00,1.00,1.00,1.00,1.00,1.00,
United Kingdom,At least 3G,1.00,1.00,1.00,1.00,1.00,1.00,
United Kingdom,At least LTE/WiMAX,0.99,1.00,1.00,1.00,1.00,1.00,
United Kingdom,At least 5G,,,,,0.46,0.82,
United States of America,At least 2G,1.00,1.00,1.00,1.00,1.00,1.00,
United States of America,At least 3G,1.00,1.00,1.00,1.00,1.00,1.00,
United States of America,At least LTE/WiMAX,1.00,1.00,1.00,1.00,1.00,1.00,
United States of America,At least 5G,,,,,0.94,0.97,
Uruguay,At least 2G,1.00,0.91,0.91,0.91,0.93,0.94,
Uruguay,At least 3G,0.91,0.91,0.91,0.92,0.92,0.94,
Uruguay,At least LTE/WiMAX,0.88,0.56,0.83,0.90,0.92,0.94,
Uruguay,At least 5G,,,,,,,
Uzbekistan,At least 2G,0.98,0.99,0.99,0.99,0.99,1.00,
Uzbekistan,At least 3G,0.75,0.76,0.81,0.90,0.95,0.96,
Uzbekistan,At least LTE/WiMAX,0.43,0.44,0.48,0.66,0.75,0.85,
Uzbekistan,At least 5G,,0.00,0.00,0.03,0.10,0.12,
Vanuatu,At least 2G,0.98,0.98,0.90,0.90,0.90,0.90,
Vanuatu,At least 3G,,0.69,0.70,0.70,0.70,0.70,
Vanuatu,At least LTE/WiMAX,0.33,0.33,0.50,0.70,0.70,0.70,
Vanuatu,At least 5G,,,,,0.00,0.00,
Vatican,At least 2G,,,,,,,
Vatican,At least 3G,,,,,,,
Vatican,At least LTE/WiMAX,,,,,,,
Vatican,At least 5G,,,,,0.00,,
Venezuela,At least 2G,0.96,0.91,0.92,0.92,0.92,0.92,
Venezuela,At least 3G,0.91,0.81,0.82,0.82,0.82,0.82,
Venezuela,At least LTE/WiMAX,0.82,0.64,0.65,0.65,0.65,0.65,
Venezuela,At least 5G,,,,,0.00,0.00,
Viet Nam,At least 2G,1.00,1.00,1.00,1.00,1.00,1.00,
Viet Nam,At least 3G,0.98,1.00,1.00,1.00,1.00,1.00,
Viet Nam,At least LTE/WiMAX,0.95,0.94,0.97,1.00,1.00,1.00,
Viet Nam,At least 5G,,,,,0.00,0.00,
US Virgin Islands,At least 2G,,,,,,,
US Virgin Islands,At least 3G,,,0.80,0.80,0.80,,
US Virgin Islands,At least LTE/WiMAX,,,0.71,0.71,0.71,,
US Virgin Islands,At least 5G,,,,,0.06,,
Wallis and Futuna,At least 2G,,,,,,,
Wallis and Futuna,At least 3G,,,0.14,0.14,0.14,,
Wallis and Futuna,At least LTE/WiMAX,,,,,0.10,,
Wallis and Futuna,At least 5G,,,,,0.00,,
Yemen,At least 2G,,,0.89,0.89,0.92,0.89,
Yemen,At least 3G,0.95,,0.95,0.95,0.62,0.74,
Yemen,At least LTE/WiMAX,0.00,,,,0.00,0.45,
Yemen,At least 5G,,,,,0.00,0.00,
Zambia,At least 2G,0.93,0.87,0.87,0.82,0.97,0.97,
Zambia,At least 3G,0.53,0.77,0.72,0.78,0.96,0.96,
Zambia,At least LTE/WiMAX,0.43,0.43,0.49,0.57,0.91,0.91,
Zambia,At least 5G,,,,,0.00,,
Zimbabwe,At least 2G,0.90,0.93,0.93,0.93,0.94,0.94,
Zimbabwe,At least 3G,0.78,0.84,0.84,0.84,0.84,0.84,
Zimbabwe,At least LTE/WiMAX,0.35,0.35,0.35,0.35,0.39,0.40,
Zimbabwe,At least 5G,,,,,,0.03,
